0,10,[725505413  1881650048  1730501165  1782153566  2065156990  495267256  -1529863193  -221391703  -207347718  178554270]
1,10,[-3873506  -1523813171  1226513149  -162656688  -1592674611  -1545987100  -1097953301  -77633066  557473930  -556096030]
3,10,[-198961504  -1013357651  -1581062679  648621125  -841026709  1554002560  -855536217  -970864107  -1989278071  -1200500892]
4,10,[1532210208  143749839  -1055744955  2062489434  1194103420  1141281150  -1962850697  1404730447  -866581352  -209096978]
5,10,[1233856352  1379003566  2088556454  -1906097811  1230210223  1367970758  -821930164  1590624593  1148196785  181525936]
6,10,[179725446  -1801625244  568635903  1025655114  -640058799  -1074594704  545428739  -256220985  -1522752990  918518602]
7,10,[-517453265  738480689  86560206  857711899  -1190412770  -1312492889  802076123  -1875455044  -736675618  1603995085]
8,10,[-1292678134  -15518407  -1743848465  -1692505039  1420324315  1387468107  2110934493  -654591903  1759427756  1122947790]
9,10,[322065212  -1710375146  1015992712  -1478937261  -1922605705  -623559038  -135913286  -120234338  1071399486  -176686735]
10,10,[-1797272151  1479118679  -1150423828  1391165742  1003632426  1610371714  -296941249  702511578  654656018  -1040826257]
11,10,[623312032  1295775533  1404855096  1035460694  -1513747039  306871597  704758671  1031243209  -402315603  1686001966]
13,10,[880840485  1583492052  217628141  1035825564  -1304370921  1649813990  -1675046527  2046575386  -1363825791  -2005645807]
14,10,[-1680384156  1929258243  1399862419  -665745355  -91004233  -431296862  -2065181165  995056155  -1060350951  -927193962]
15,10,[-540424765  -911960925  681384504  -313310620  1954204264  1749821566  -1506204987  597524563  2028675355  -1267981970]
16,10,[-1976367714  -1846746348  665208194  698245046  -47460745  -26069658  -841661785  -462559681  1521758323  -633824299]
17,10,[-1030176218  -1645299670  373696050  -659444782  1155294083  1116567853  -1527371275  583104138  -1901765479  168332043]
21,10,[732908921  -1707773961  1705508146  -278234889  -2072918549  956174867  755644093  -1056420965  -267030180  -312237819]
22,10,[137346228  2113388334  -1394731420  2093379273  644060352  -1893641252  1921286947  -1958979778  1976260588  -1502509978]
23,10,[-1222763053  -1920823430  -2041914204  1439679883  -1811713804  130933034  204475512  -1457393614  177863544  -1810997964]
25,10,[-2114269599  901349273  -1719819201  -789328316  -513516081  -1339665397  -1272874920  -1608453100  329000309  1445558263]
26,10,[-241503943  -174576456  12088035  123704010  -1310697129  -618319828  -1023077859  1857950564  1850375298  -1863164958]
27,10,[-191414768  917749836  2025478781  1705247647  -1886450606  -350655093  68599829  -1415162534  -447505020  -1970530714]
28,10,[-437809956  1169847633  1083979833  1198739001  -494019213  -1508493425  1722805282  -766130858  -1171382978  805112264]
29,10,[873702068  1380800135  -1369896066  -760434648  -1214645795  1085891409  -1814899356  1953649264  -307133863  -1574661491]
30,10,[-406271140  761698103  435977104  -1458548255  1621032023  2034849400  -1302558787  -1306732504  71211247  291763897]
33,10,[-90905018  -602269613  -1638097870  -1021066369  -1784226711  391853423  691482783  -451470723  1401823632  -491469390]
34,10,[996406935  150551452  -240939613  1864097369  -1850297339  -418438396  -598971974  -878800949  -142016315  1340776189]
35,10,[1483167343  1968947278  -448206147  640582971  -1178323107  414257194  1327801418  -646047381  -1214557428  -983543618]
36,10,[1563663112  127493330  1524348192  831406919  1283291754  1113024274  -223343181  -1532849894  878763013  -227187534]
37,10,[471117345  794858583  -995286168  -1276517204  -1050773771  1526283132  -1919120521  -1163265434  1161017363  -1483993707]
38,10,[-2140041978  -661814150  1147046031  -1096302693  1264016537  2437965  166754231  409191838  4253154  -258965755]
41,10,[-845873083  2058333921  763478019  194720068  349943010  -1089375274  -310424832  881147606  -962658502  -30190024]
43,10,[212302147  -780789515  614605897  -2069829850  -1161679779  521489272  643463325  223950662  -748547226  834772240]
44,10,[558356726  1260059249  -1127059639  1084848399  851603918  -1850527068  1822745260  -67309440  -880234343  -1362029989]
46,10,[694448564  1628971397  -816555645  -970284717  -1530184606  -323939079  987043957  -238809847  1525988688  11725823]
47,10,[-1662967320  1388599934  -1207600077  -1380605945  -1639781059  -1571065612  786345853  96519280  -1161025505  1977129521]
48,10,[1207204724  1439278177  -1269496014  -1599936308  1355682816  1626361565  -1898560773  -25685986  103490026  -845623147]
49,10,[527065007  1260258682  1556478029  1340677134  1021629237  121806225  332128233  -1615650301  51157554  383080350]
51,10,[-1616139362  606010690  1002407541  1033613992  -735994069  1108657199  947436984  191646845  1811498338  -719286366]
52,10,[-1795076343  740258820  850146889  1912941252  10275163  72060400  -1336094541  -842124602  -2057798615  734357833]
53,10,[113208520  -896984129  -349294461  -125797741  2008811733  -427921439  -936204379  1154659503  -626015650  444947239]
54,10,[-1285197749  458807406  -1348966117  1946035255  -1451323438  -1168867204  -367329821  -1054352528  -182514301  1084466552]
55,10,[560594379  -1053392870  -197183467  510887400  833291596  413058753  812058252  801722004  1444989924  -2046092176]
56,10,[2101819669  1512087399  703777670  917751052  -1797178117  -121750548  -1964307750  -1139461189  2010306927  24622396]
57,10,[-139284021  1818278712  2010553342  115874548  -703039049  -1655201564  836844521  -1061959032  -1242670212  1006923543]
58,10,[311828477  246827116  2094077020  944944276  -389091452  -1712412306  -1782405557  307416494  850827575  -397374847]
60,10,[1494178767  644894058  -1086910091  -39404430  -60275742  -284663246  133696791  1155303653  -1887765141  1456805131]
61,10,[502383835  1210263850  1514552343  1528683099  556965741  1406583713  665416421  711573835  790589945  -967331968]
62,10,[-1233233123  -1321617373  807845873  593805533  -1999048343  1763481965  -2084781958  55302339  -472328148  2143779018]
64,10,[-949438877  -1483553619  -455358192  -1002731592  1895872883  252939943  678803453  -862789157  83330164  -1445563787]
65,10,[-149407350  1967772140  -1305948847  1200794228  -1848841220  836206799  1980428192  1317658714  -1617576389  1735978672]
66,10,[-620221394  311272885  -2129637190  344473284  382694131  -855077984  -315628662  1630615168  -912074907  -166219532]
67,10,[-1810789401  589341044  -200611058  -1419829801  1111244217  1961549732  -1698652008  1180550764  -673439832  -1762795318]
69,10,[2115291178  487496596  -1638460861  1933257475  166778544  -2040133720  -1732128723  2076469473  -1998014784  -954103494]
70,10,[-1525053812  1226165268  1622386774  -1843188653  1248099728  856734498  753768337  33962851  654091265  -967222862]
71,10,[1171448104  -798829223  -1140498923  -2104351988  -89345405  564006069  -1860548766  -1521754646  1317527544  928453568]
72,10,[713964284  801438572  79728217  -1215010061  1140870447  1708087076  -1821885807  140895234  -2144739026  2120339469]
74,10,[-787719467  -460249839  -1142054961  -2046006939  -393843162  -716457591  717458807  -426177792  -671533984  959945608]
75,10,[650964808  -682319317  -1446675387  1157667388  1133892488  -667906757  900548989  1537547095  1918309749  1067619617]
76,10,[-390745000  -2030041658  -1105085100  1553311890  197304331  2143631958  -977001244  -1746226754  -1070947612  -4961486]
77,10,[1425641345  -945894015  1518161530  -1299715377  -772314060  -469140551  -1813180792  -1892267085  1571122008  -1587882701]
79,10,[1691727340  744521139  114461537  452702172  -678080680  -1675496261  -732638971  -109503875  -1212743776  -859788936]
80,10,[1297834292  675198589  721415581  697303621  -1296776283  839986080  -912097434  -1854656042  -1452929793  1677250968]
81,10,[-2013940136  1873410558  -363130269  -1455029682  -243921159  -1294312497  -290773086  1366783465  110271154  -371229191]
82,10,[1875198446  688461468  -286326372  -1371780899  -1730223678  686580749  -1750175339  198039352  -533758653  -1783112245]
83,10,[-124775550  -932301218  2059660337  1157598806  1140649380  -874444045  -466644672  84269799  -908586488  417774354]
84,10,[-1167075006  1970510787  518350583  -1533963558  -172684036  2105288316  -109655267  -870377491  -1131387858  337809441]
85,10,[-1160667650  216652633  369231507  -714148144  -1843486656  -1288377783  -512946923  313123027  139318090  625460368]
88,10,[-1908014906  1774707354  -1150712496  326494788  1925672075  894529267  608673455  1951262436  2017503026  -783829441]
90,10,[523098975  -1602338877  -233069000  -691258033  -104572729  -1269932758  -1537226398  2018307591  -1811908174  1519624621]
91,10,[983680758  -127129198  -1991260392  390379012  -1439974259  -857994057  2074346848  -718437572  571531621  1639340455]
93,10,[-1397620469  -696225018  1219358354  -1850156126  719040601  58470564  1638077544  557243726  -1927226502  2053348329]
95,10,[-558870606  676969076  6938418  733682801  1113236889  -1557449410  767454489  864462738  -1962082595  -1923315345]
96,10,[402710239  -817336203  -809193044  1326264805  1757794729  1651965263  1550076138  2147008282  -348389028  -1033787035]
97,10,[-435817687  -1389912547  -317938334  -727541215  -1597669707  1984549758  -1545702345  902870070  1923977461  -971921905]
98,10,[1416656298  1532239675  742718006  -1002207561  -375367928  1031224933  212719179  1688200253  1084704269  1575937285]
99,10,[1467046262  -702746417  1604530524  601402816  -879093454  -382851929  -290544572  879678055  1595064741  -1985778005]
100,10,[1984080517  -2140966419  -526230631  1168309361  148545814  -975730093  -852944391  1998075381  12832040  -743328591]
101,10,[1611269421  -1700223701  -24694328  -2058293667  1203791388  1189478029  1837943306  381999703  -466164198  -1931589649]
103,10,[-450570448  547292656  -1853982041  -1770165868  1881246419  -327525848  1802505793  2099394200  502265159  445322116]
105,10,[1042225177  2122595091  56581455  -1492188648  -6404879  978514569  1464807806  -1212737652  813201559  -1051087333]
106,10,[181478333  -1415961237  -862479530  233205354  -1190416847  1709889463  816269348  -1745658646  1665857878  -313145747]
107,10,[703365934  -2065388058  222640499  -83918804  -1290952220  657955674  -1744227388  1444762312  215176892  -814194664]
108,10,[-148824572  -2122528090  359028500  128641728  338120276  1320203260  1144915973  989468853  -804632124  279561372]
109,10,[-1177694731  1627353984  -1554473317  -506101530  1380732575  -188906247  469420425  -1691359356  1757330401  -367973353]
111,10,[324902769  -1976755755  851525658  -462241886  -925376041  37490274  -561619797  -907840771  -135426875  1698236403]
112,10,[-1229126010  -1633057323  1871156320  1245782783  -1393869063  884686883  -777753687  -922365692  -389947921  -75405940]
113,10,[500476875  1971056295  -1659797345  -737573444  642980148  1097847443  -695208663  -1776149528  1572817601  -1057579027]
114,10,[-1053002476  405244395  22739578  722017057  1069323872  2046889586  -141351592  -1879218170  1847225098  -803973501]
115,10,[1820804841  -901464052  357128937  -362760233  320284203  -79226790  396917470  324923554  -528167747  -765228450]
116,10,[1899296587  -1874035760  1056320649  -1341392997  -1312888065  851028493  2129173594  -1154863253  -1660880846  1859597594]
119,10,[-1387702886  259452181  4732862  -2139412122  -1634211702  -689132378  -1651380544  1616060228  1260949747  1668593906]
123,10,[-920771805  -892004492  -1479812759  1984303487  1912132540  -1767020356  1352937697  -97801501  -1955255241  -288534617]
125,10,[-1379853470  -2099541070  -1811864480  790962790  -2082982922  -347768440  518590559  952187822  2091960910  979034743]
126,10,[-663964808  -775294587  963205125  362913556  -2028009310  -1199624978  581081247  -2046765109  1812170390  1130277085]
129,10,[817173448  506241416  -1576073840  949813872  -495458864  -1762387302  704127034  2036472484  1885059713  1343309216]
130,10,[-901586932  -434722082  1281571309  -606040166  1642347033  724332019  827743400  -281178439  -803385397  -1429858031]
132,10,[210201666  173484348  -1258804064  1288232197  -2051422852  -317222198  2106536395  1204127588  1309524425  532615876]
133,10,[-775198218  124132494  1845136669  -247954407  478919314  -1997879288  -1114481828  -999690547  -1128431855  115277648]
134,10,[1175725439  90630775  -483670236  1702459557  1930458839  1620089107  1026934695  -1869058775  -149601307  -1954896619]
135,10,[326653596  -854770093  787214852  -80681854  -1607888371  2035913011  -742128080  -447016393  1517282583  -1320946805]
138,10,[1587229664  1446307900  -1116197590  -1042072773  1033674285  -459837548  -2082139841  -1118919593  649088730  -120181162]
139,10,[-412996922  1285185813  277117409  -1305470302  -1615795090  -453020384  2099990866  1468958125  1867848351  1726358839]
141,10,[1377713598  1136666853  1111904164  642955777  -1558621169  1398179294  1988468910  -1933484654  1228588489  -2140345792]
142,10,[590053787  -1877208496  -1099504058  110933849  -1215366406  1762858206  883769973  -1717882416  1188558853  -923676771]
143,10,[-1087684144  -52323077  1148241477  -677334200  1432082588  -1040602133  -190719858  -501888990  603830973  -94249702]
144,10,[794561262  664570946  -1309106448  394634731  960572933  735811975  -1376231479  -1222772402  -1106303715  -973055506]
145,10,[-1029132242  -1351049009  -369681219  -1548862885  -1518399798  -1878062423  2134037766  -317058008  1138431780  -1540991727]
146,10,[827802345  -989145305  763846796  -1048561110  1511303388  -333171347  -1664964968  -978518142  172057945  -1607231850]
148,10,[222363315  1427522445  1380109060  2000500305  129795686  1405389788  2117745465  -1840606439  75045020  -2004333500]
149,10,[-2112648183  13324933  1979019814  -1323375437  1692100715  1553065435  1642831755  -1601010155  -1932784791  817734770]
150,10,[310387860  1170306968  -282861169  1609328849  1324948053  -549197512  -1739139098  -1031338888  292341190  -1660520652]
152,10,[1745483348  -149820194  -174318049  1477185179  1916507654  -2037800036  -583445572  43372172  -759559561  1925223758]
153,10,[-1780550916  859205172  1790405211  -1042693443  1624378116  -1864795389  -322941279  -504182114  -88989551  -1995997776]
155,10,[1011198419  -1196253828  812927694  909760185  906558964  1612376719  1097048490  1310083186  221647732  1700936710]
156,10,[-1172893592  -324711859  -1113769364  -698509697  -41553233  -1094053781  567087003  2061371290  -1558494215  446982380]
157,10,[-1761369415  -1433522304  -709482292  1098795587  -933708065  1727217946  1941372783  -1577815767  -907037266  563161425]
158,10,[-1495514461  1120306853  -1495493985  23430975  -1763239916  1874274997  -34716137  1281052211  -1279440012  -1325738019]
159,10,[-462634726  688328555  -863929867  1341227899  -1367115950  1904411191  1296165104  -749653031  742645855  -1033071783]
160,10,[-2088683696  -2007366013  1159155060  -659015970  -423511429  -298428156  412792771  -1047007267  1591113041  1800726368]
161,10,[-1561991103  1805731537  153566613  -2023128815  -1517088599  -536717807  572435412  -319016534  -912289189  169789012]
164,10,[-1547465494  1330034072  -370531055  566377854  763216679  -784971348  -512683498  1891981411  -1288523067  -1365744886]
167,10,[-476098668  1735017792  -807384613  1601240654  2040360103  574753297  -1031709019  -980758318  548217896  -1254678798]
168,10,[2064526280  -1044505773  393211285  -389522442  -363204165  -1626970851  -760791019  -1269425893  455662554  369164481]
169,10,[1812255142  -1828246461  1579611453  2063768759  -277002284  -811312343  -341912647  -540387319  -556104279  -2110815569]
170,10,[1448195271  484805588  2146269815  -1126143077  495373455  -1924401957  801109896  -206286457  -1559381066  -560780736]
172,10,[-917053542  -1831700430  1181781138  508739258  657358429  -139851784  1929871886  1006191131  1552412682  -1006466666]
173,10,[-105937219  -115568256  1555317005  -432473036  98571003  673090967  -1305147471  523082958  1274137492  -1749481908]
174,10,[-10132157  679269722  1606562543  1750428647  183759374  1499227729  165318290  608779634  969466035  -972627044]
175,10,[-1884286985  408917191  -1550451759  770735307  746546454  -85245539  -619041818  1233736034  -1757918336  1415858360]
177,10,[-502833140  1484171712  1543042411  -514675920  1372937014  -1313838642  1024535031  -1017796409  -654378887  -2094259761]
178,10,[366389283  -1732722819  -1955879805  1336178668  422533488  -624532212  -992872330  -1122543479  -830128374  -1600836452]
179,10,[-669588390  1006116857  1947661213  1192631308  -67029421  -832994210  -581342308  -1708381011  -1440365191  1219238907]
181,10,[-437226039  2101529915  1551534567  -360837435  34909385  -195687561  872459082  -889025329  -704149370  -41756365]
182,10,[-850509846  970125256  -2131337753  -232365075  1798616689  225961115  1630025960  1731040649  1172455181  -547623071]
183,10,[-1454458154  1665379117  -1430096871  -431109700  958629533  -1662697924  261470433  1760500887  -2095688305  -602875134]
186,10,[-2106533248  -104130737  -250071515  -928891245  1109607206  -2061858663  1149310489  -1997178445  -1712345349  -746028180]
187,10,[144497536  661421624  1295560036  -1011667954  680042611  -667823277  1238370441  1671054669  -1936833908  47634696]
188,10,[-1560520855  -1956278869  -1258795193  1912996527  916790142  -334736279  976504296  -1844141744  427706366  91991081]
192,10,[-1450797488  -773364594  -1056824566  -642385500  2038296654  1218000418  -1136476140  1416951970  1604054252  -1408897603]
194,10,[1535849395  483386230  1242584190  -1858288921  -2139235842  -1902821701  -1992201311  -1391956833  -1792643864  -926310622]
196,10,[1427128066  -711019828  1025899000  -2112279415  313252979  1316833056  -1094585227  -806799865  -507088166  13522538]
197,10,[-1618518020  -453234772  -606773922  -1026660050  1913346773  1993098886  -228174121  -1181289932  -1882801388  -690982605]
198,10,[1914972646  1014609848  -667185164  1356092552  1737670168  1279947384  1884664301  -1278217736  -317561263  734549248]
199,10,[-1618657108  -1503401279  10534817  -1240540479  -2018022457  2070981717  1869463918  949037883  -2020926782  1016974701]
200,10,[812581624  -417684678  2043301039  1064836710  -1674895172  -1481926665  1336408455  -912020818  -1466051408  568346751]
201,10,[823428957  -1800905672  -598886927  -1117882419  -1366903518  -736819062  -1612759191  1981213272  1206068341  401434426]
203,10,[1200665297  2100863561  -318559369  803209582  1498470583  1180036586  -1390017192  -191723483  105242918  29766557]
204,10,[-268210491  -562258855  -748215877  1206156294  2081294534  -1176313681  -1367116953  2070050722  1264998874  1159269258]
205,10,[-1520881034  -1029183876  -293584445  912242835  8193711  1029897364  443631850  -9541358  258554547  997085473]
207,10,[526655097  383632416  -966185041  1566025658  -1367706630  -1253392432  1381355656  -227810809  -1503591778  -1078246552]
208,10,[-634962410  -306027922  1351223816  1540125335  1952308957  -931651160  -591274787  -492024646  -809943467  1413287582]
209,10,[-1032974665  1007284277  1093938095  -501863008  1389349316  -2096718228  -868721262  1046968181  999881880  -1396349576]
211,10,[1703928773  -1459374684  -900869138  1983559014  -377541703  1069393970  -2063691183  1627173272  -2079049708  -207800152]
212,10,[1337658122  671730315  -225142776  665397064  -1116271726  2125575716  495722901  -93879139  -601963066  1482096044]
214,10,[-350414087  1119742979  -465634695  600872381  1623216604  -488348673  508710484  2072849457  239859715  -538037611]
218,10,[-1561785393  -1862019483  -421679324  -687466191  -1613276359  2094139020  308012255  162581425  2105290104  -1243219657]
219,10,[2004751519  1735958961  1985536787  698055684  1460482547  1981595131  823089915  -353982646  -28215640  1719373776]
220,10,[485434836  -1130300612  -1398170851  465319184  -349971997  -1214629515  147989228  58698125  -931010378  -1034071075]
222,10,[-1879463009  -2025176822  -1804064521  1407401593  1762184339  -1955991587  -31695380  -1093120358  1199283919  -1263275044]
224,10,[-386164003  -1568763343  -887616605  -288430949  982028527  412462809  1916131925  1223050843  -1408722797  -1586018127]
229,10,[57763578  -1455542327  -1687512640  -2010219441  2094995019  -690692692  -1287610984  532252941  -1741280390  104351009]
230,10,[1548125391  -1127611122  327486065  1190220733  17200570  -504165141  1522121602  1058390615  1237224908  -1784745065]
231,10,[2068326669  -2027450522  -952373898  -1825933054  -1179104550  -202262588  -444985655  1099778125  1861400039  1128189496]
234,10,[540723887  -1083840527  1692628452  1144147855  -780506804  995185812  -1757738901  -1535187288  2035678524  1496633056]
235,10,[1008864089  1643458931  549164009  -1208494269  -66459388  -78887280  607811519  -232967593  -2048180979  25201948]
236,10,[-2022453076  -1880284954  -417714146  -851048418  -1310134793  -310524165  1120036949  1640690520  1934288065  86319]
238,10,[-135078277  2015553317  -529377505  1614756581  -313144702  859076656  162011389  1869285056  1786587026  -1083943145]
239,10,[1871481850  -741898077  713747706  647575524  -821703636  435736169  -1062469593  -20855214  -1326031924  -2069583854]
240,10,[205979411  8031407  732998558  1411912796  -1953053646  -2033555813  1078007240  -1786223491  175463078  -2127219686]
241,10,[724734817  -826100311  -901196135  -343777407  -1323023895  488071936  1310641260  1711962414  665168980  302492191]
242,10,[1980395236  1198417740  -1869134155  -543946313  1545741807  -1509830710  1103379695  1889806173  2029711538  649638819]
243,10,[1210254320  419662763  1550029308  227186466  326957214  -375222971  1883788999  1816546850  945370027  -1862534567]
244,10,[-1399758979  546252743  905118460  207907971  -2060845310  -2047133394  2137061172  -1498209630  1458804592  582429825]
246,10,[-1841864067  -238538314  -1070687650  1509968438  781552077  690571612  -742912562  -2116767086  438991389  -1914230510]
247,10,[-1527068777  -379389402  -259799399  -1481303385  -741065319  1451473595  -1919605436  1418737523  2133040615  1796480377]
248,10,[-521698252  1580078421  1231413800  -138866839  543996719  1354647343  -56503945  -1044953379  215874986  159487781]
249,10,[-956329545  -1530640986  -124069775  -1210165006  -385140264  1320667504  -1275703276  -598893412  -1954999310  -1289664668]
250,10,[-1931055072  1998777084  433330974  -340771947  637294788  1725578421  1520582976  -1334624056  -917949238  780023729]
251,10,[540963460  1233081293  396313478  -416704019  1643190420  -792621578  -31800271  948110571  842294809  -37611]
252,10,[-1690886676  431101474  1455001982  -1930357331  -709693290  1386393464  1132930609  -812673866  -2130316619  1769090526]
254,10,[1628919954  1067576801  -1390526879  1411976954  -1102405532  -2023732013  -990015763  -897184152  -1862915072  2093544623]
257,10,[430378319  106453621  -794267617  -1751786585  -1478700155  2143416482  -700597223  880603430  -244456697  2032205926]
259,10,[2028464246  -791130392  1974412436  1827615405  -1061541793  -1963861122  -557808581  -1824136305  1529544850  771394578]
260,10,[-1188694918  -617400658  627092946  367454248  1320649540  -926117130  2095061453  -1905867293  1776744637  1350646017]
261,10,[-1060998675  1878926660  -1651324674  -2050274016  -1652101934  -287968683  2031265197  1902553776  -1910969540  1659388860]
266,10,[-687752036  525438738  1970409474  1039280996  256504772  1615618010  -455409487  220136349  1745608211  -1420027224]
267,10,[208759897  1947676696  -930112990  -1762703916  -505844036  1472908258  1265305446  -833439771  -1478738472  -582290877]
269,10,[-32662125  -1755883977  1908051939  -1820795346  1082515865  -1174247458  926187364  1907903262  1466933255  -754559968]
271,10,[-535236779  39368640  -1137233156  1395715050  -1823248367  203702569  -506287909  -1834749911  -164380033  -33720704]
272,10,[1387344704  1953240191  -518082720  -778430477  1385638289  439740445  -1524707862  -969996990  -1370467725  -1065505584]
273,10,[-1434745221  -319467710  1445291815  -977515253  -698603331  105119735  -116607891  159437136  -538706549  1503622984]
274,10,[-690428952  884389742  -1437939993  -1148538513  243452007  -173604169  -1156551892  -924891710  -1381965507  296802877]
276,10,[356965887  406977197  -1585580610  409074117  994396929  1929808851  -1248310346  292971513  710899200  958252444]
277,10,[1116536437  -1555817130  -541229450  -956146802  -1530062341  -2131473900  -74577492  2139192194  -473852724  -1641295056]
278,10,[587178731  1908593923  1753076886  -1872958932  2024056418  -358246503  1658390724  -324095493  -450730777  -724058968]
279,10,[-1355109396  408112976  636625512  -1514088214  -2022262103  68177350  384564436  -2032981022  1820008177  1067206363]
280,10,[304163165  1903403405  -1133178345  1583180175  1683090544  -2077204244  1596018196  -1322821699  9717477  2128464756]
281,10,[1314698755  1913422446  125341100  1987335950  1802187627  -184425687  -1438619916  369473894  1774857770  1977425752]
285,10,[1928160784  -808253001  -941281589  -563001517  1621949408  -1069241504  -1851961713  -1140679740  1980553839  -1778756025]
290,10,[-418754545  371269447  -2075861381  -363343509  347367020  1945374277  -314190944  -940001683  -993999236  1328189414]
291,10,[-131896128  215792957  608052926  -1088161957  294461157  1220304744  1074441816  -839306156  1499769784  188862898]
292,10,[-1852339623  -2065645930  -2145517262  324187004  -1340670612  -543837696  -2052775243  1640922484  -107886542  -544927622]
293,10,[-951048708  -760190854  1897612062  1266237553  891812637  853022587  1032009841  -973017986  1145615744  -1359969894]
294,10,[-558208978  -328959266  -1031323201  783244458  1642550992  831214558  970737683  783207929  732379562  -1475667286]
295,10,[-1977363886  971999610  -1908283820  -103342921  173210819  -1801726499  770324374  -456973068  1299554369  1533344723]
297,10,[-842747192  -1025436517  -511243695  -636508259  -1118836782  -509990579  1157924298  -743994873  1186354333  -647324924]
300,10,[163777319  -1586287275  -1833941813  -1905526562  -1894390491  437467713  -514234659  -191272677  -1950914641  761312073]
301,10,[1799592976  762902933  -931220500  11882200  24068702  1995534839  440992524  -333007807  1657999474  -1495173999]
302,10,[673772131  2066646399  1931965119  412428551  -447559799  587625025  1682698885  1840294303  -584028754  24275327]
303,10,[1018133802  62885740  693329988  1489236662  1230666014  -2003118653  774678244  -1352478164  -1215390168  -234715773]
304,10,[1198947140  -891420602  -1003960521  1852985432  -32306387  -134465854  -115515046  1796881176  715815678  1989732927]
305,10,[975780057  1291462429  -1459606482  -358720385  835779339  1347234299  -1128409575  -1670617820  1678636047  -1747618826]
306,10,[2132729908  1998140781  399321595  -1643342578  -168975340  -456448644  -1390279869  1512092378  -441020192  -123600519]
308,10,[-2015045898  -880838318  1589260905  775017247  322959252  703589964  -16082610  775415757  412219166  502060029]
309,10,[2103552088  1916148756  -1259635894  168024330  -1122173515  838090091  1750390239  1604594294  1900241017  1803236002]
310,10,[-269531461  -2027264381  1796239459  1031545194  -1684148856  -105389697  919760956  -324146559  602567026  637428421]
312,10,[1369392665  1092536172  -682920919  1478415182  341448378  164149675  1120215058  -2045583726  166239810  -2049237530]
313,10,[-1555979350  -1520994015  1053922790  -248980623  -1188782603  1184096859  1696054822  -1495807594  595376753  103294617]
314,10,[-319027369  1412873652  1556870653  -2109594453  -1298241753  296162286  -1913972040  -2100473042  1883000761  1315351784]
315,10,[489714795  -1846554330  212640978  -533837304  -91072699  883497449  -231266373  1628617984  765158579  374621542]
316,10,[1898183092  -446280650  -1310020096  119780998  933346838  -1655998229  45002875  1261672431  623668327  1639057057]
317,10,[1621950776  300885198  -1349410583  -15492505  532140547  -128802814  1345292465  -20036272  -22843652  1939021318]
318,10,[134365961  -2017326642  -1968617049  -1332819524  -498459064  553747341  -1447065106  -730992051  1201450023  1966159030]
319,10,[1907992734  1717745484  834219456  -2112079866  -393618231  -1248992939  409774947  1432272513  -1807809310  -2109966610]
320,10,[490403436  856355711  -34950762  776608334  2028849566  -1317022024  -813042658  -1331610888  577922058  1503327890]
321,10,[-1470204322  -487415203  1733869518  -157940991  2118347422  1146368491  2096826343  2046591133  -984446033  -1534711116]
322,10,[641653723  -603576774  -1319060776  -1512942594  -97129170  1415097642  119832554  1802751785  -564950159  -1782718209]
323,10,[1532780284  -1512255193  304241742  -1571559852  17385941  765929962  842759982  -1655109416  -1655108149  1088471361]
324,10,[197326162  -1199731164  1927432427  -1856890330  672833154  2020647412  559506923  -1551961529  1514517895  -486253292]
325,10,[524154072  880934079  1117508669  -1477137826  -525528627  -2109174104  -1644317540  -1192497825  -1054320458  -1512549093]
326,10,[-161684151  -1735339027  1469787119  -880150217  152372057  -555268453  1820202746  15339300  898904200  1468462161]
327,10,[-1145896611  -1413574102  2032382970  839468821  -972605381  2078039919  1176970965  -640866573  847816919  -1109219929]
328,10,[959133077  -1295208738  1871369186  -365184331  288715070  974119798  -1427390576  1322367833  1494806244  1756546842]
329,10,[1836013015  -833131093  -1823678315  205291385  -617212304  -428097834  -1770252508  1721112983  -1413819232  1096441395]
330,10,[-1196380057  -1774916283  -1198436054  -419699055  1568273634  442642134  1293555132  1779894849  -283740113  -634488062]
331,10,[-2126343969  2071061798  -845393852  971070926  1775969736  538799314  658139448  -330083388  866508079  624662289]
332,10,[-435958717  -1976729830  1216229919  246689677  209949951  1975658728  -1108612527  631218501  1505206176  83199141]
333,10,[438419354  1336525765  -749476844  -1020857069  -975238180  544381287  -1212750876  -337610233  403650198  1375371243]
335,10,[-408461164  -1013296396  70604042  704173076  -918009000  -499275740  -1048346744  -78446338  -1050800314  599607024]
336,10,[-419065518  -2092174497  908796251  921284608  -1751283915  915785807  -911058492  16690948  583996437  211330941]
338,10,[1635455214  1661957034  -1189226597  1668230971  -887354341  897473310  1190880690  -817251741  -771342685  -879715699]
339,10,[-103865483  -446323027  -1412784503  -135099701  -1029912682  180225516  -38131267  -1569527369  1553202371  -897847578]
341,10,[987335866  -1204068813  -103446618  29051763  -907369031  -993548320  1028083916  1384202211  753946114  -732549616]
342,10,[-127555839  -455031510  -1188696679  776464714  -938593551  873471651  -520965972  -1166240300  -1648800420  288206562]
343,10,[-1288454688  -475099447  783035419  2074678836  1015589012  609647524  -663145093  631535552  -171378395  2144204136]
344,10,[-1463421356  -919026061  1031128147  682549185  1063544411  -1236141136  2096442256  895222960  -1960757285  605611672]
345,10,[583210141  -1122849773  1570398788  -1817822111  1057658728  -546507193  -2001928568  -1276618537  4780825  -1202170983]
346,10,[2018337047  -822162651  -1366537478  914370619  -1214279323  1100341475  -1272114411  158922603  1606449185  935691743]
347,10,[-1404749511  349258043  1686880604  1185983322  157202668  12656126  1772002311  -704943201  2001387417  -1561199531]
348,10,[1036494279  -1517334538  -653872079  18710766  -1116107210  1536328563  438722114  1524686638  -477267381  -766922670]
349,10,[836513474  914542111  -1416483949  -2128757214  -1497498395  -1484445714  2132932431  265754128  2041620412  1117297260]
350,10,[-1597899136  1260789615  -59132183  834794372  -97419795  580320342  1305297707  -2132350366  888659960  1616169860]
351,10,[-1343788107  -749828832  793549568  -233565134  964815444  2104594605  -1785535145  -1892473471  -1983971423  824487333]
352,10,[84252264  -1781566252  -1034344228  -1482204998  -1064736453  909903598  -1300689051  -1079429470  953838882  -2001239429]
354,10,[-2046043470  -717057980  -365219360  -2125753036  215762544  848703148  311062038  46874833  -557769102  1749698453]
356,10,[-1441300326  519034517  1855967754  130255825  -358940117  -263152636  -1476413711  -2053607641  -898366101  2131627527]
359,10,[833801461  -1348258367  1391207108  1086953532  2126760689  1301613735  -2016456268  196325446  501534270  -156968640]
360,10,[1238412791  184072727  2062962034  -2020596300  550595131  -1438907082  325059981  1399999588  1084138661  -407780078]
361,10,[1608549506  -1870533012  1633151581  -67295373  -886482927  -1685152928  486533683  -645278182  -1007722299  -6704495]
362,10,[1079968636  -1108317123  1181080412  -1645984368  608773723  -2010727053  -1352333350  7832035  1232373646  -1658739262]
364,10,[-172534617  -494207784  -584647187  20128633  1783910927  1625861903  1949757775  527559783  -1138119947  -1888553636]
365,10,[1732079095  1565281896  976809512  2041003860  -1631290641  -1515532360  -64139352  177617720  -1705322896  -1757078532]
366,10,[-59965225  -1436480604  -299941506  988842887  -906751575  -405160748  -1385304568  1895456540  267862680  824140026]
368,10,[-536333821  -1533288565  -481841964  -996136536  -229899075  839895279  750718354  -1137747020  -776215058  -418035754]
369,10,[-373713177  -1401881787  1953218397  -1399863977  -839824022  -1810407651  270050260  -1838040860  -3497957  508456713]
371,10,[1876081858  4448718  -1467302961  -453691303  -1103881996  1168989043  -1592852610  1711350204  85024717  235553310]
372,10,[-908940753  -1594810447  -1048858807  -1136186855  -644592862  1825812604  1073076234  2145917878  -1481007625  -701397197]
373,10,[190626131  -1941387634  1051977484  1422293509  153752443  107057687  884128891  -247012448  -1263504950  320802926]
375,10,[29091116  2048356416  -313174147  -1774912166  -2057037089  510650941  1603889669  1160518557  -1865674094  1301168622]
377,10,[-2040132167  -1716785427  365933562  1410529610  1021109119  1164315245  -678833255  67562723  1536611324  1763633482]
378,10,[-1293893414  -476450954  -1799500544  504666729  1134730153  -762852735  1009334591  2059101320  -237923741  -531953066]
380,10,[-1280763262  1828994752  -40584892  1373906138  2030527760  1457666719  -936602175  885381874  168521016  -1142697139]
382,10,[1352146607  1381712550  464007615  251815065  -786547266  343524960  251179912  -1932437023  -632005295  -99120152]
383,10,[1054500650  -1246968306  -112984254  -1580820722  1742654237  -1522778855  668800665  -964479073  -1571507298  1980124734]
384,10,[1321365435  -1024473190  -150812171  -1579664746  -1286826569  1654033593  357630602  1925162253  -2073055251  -1100835355]
385,10,[1614690876  -2073505449  2141906793  1020094068  -1814931342  -2086485608  -545813221  -677331391  -1817837651  -1988920683]
386,10,[378175017  -548830671  252355185  -1857083044  -562284415  -424062855  1426831651  -114151125  -1731772968  1768870458]
388,10,[1734515467  1430239314  -1066542629  52365117  969231059  1863768144  -1970251333  -1886109143  1276592257  -725144888]
389,10,[-2132740616  100946310  -794418928  -552953328  1083821059  -566091263  -1566733872  1065812529  -1032743700  -873850816]
390,10,[-1143505393  -515413039  470029301  -247956638  -708169239  1535864852  291256073  -507751614  -1593219662  -603984020]
391,10,[1507212452  -1420510284  -923561583  1434289805  -1430706097  -506372909  1061456200  -270110383  1542651376  -150738628]
392,10,[437858961  -1023601431  -1591755217  12099694  753454276  -2140126644  150890400  934226233  1058156155  -246972365]
393,10,[-1533323239  -1498765570  1500614429  -1629847995  -596574360  -1322467173  942628614  -1614674992  1690227593  216070059]
394,10,[-1587651574  1588698727  843551531  668580834  920294173  -657891342  -827044440  799514103  -1795399343  1380325649]
395,10,[2008349172  794686000  135465200  -481495617  -1579293790  -895976032  998209157  -1887302856  -927665344  666587772]
396,10,[-124850802  76905802  -68170721  1926904855  -410872412  -1854677989  1955164660  539438103  -1282899836  -1385742149]
397,10,[1549840719  71882082  381677779  1231007737  1459050544  -785587697  472656051  -1639093904  459853018  168510120]
400,10,[-2030605323  -701131689  -475104677  -608589791  141331544  -273560576  1142832322  1101671262  902556303  -472752852]
401,10,[457932522  2000540809  1504863353  758363899  905098550  1682825988  -2068071072  -290295944  1410521688  -979104581]
402,10,[1465195186  -1650342102  -318152670  675586157  -788488316  -2095538108  -1998514433  823040038  253034529  -1583836279]
403,10,[246348469  -1510585442  1535012243  219820980  564204006  -703303243  470575091  -764357474  476339530  -1748299256]
404,10,[1772749962  1046832689  -596470971  1525696018  128073911  1824277297  -750921233  -595667672  1829991002  452510013]
405,10,[-1762189669  525484237  -229958480  -1974752939  -133124054  -1297417546  1591995951  162696395  902887481  1791237206]
406,10,[914520439  1241133590  -1445670895  -1054609580  1428502270  -1824004442  -1919869627  -1898096146  164779455  1081558161]
408,10,[1878624220  -438968158  1315052836  -966899905  1163359926  894667082  -18894794  2050603331  1629995524  -462100975]
409,10,[-233534916  706699253  1091623005  -1460409663  1767181352  -1027733560  -1753675781  1662591724  1397245946  -568551180]
412,10,[1678955062  -1587084752  -806711956  -1215643081  -373108312  -38578266  -669963163  1594609734  -113798441  131011093]
413,10,[1958795539  -751221709  642809740  1881302695  -152478116  -264513313  -1720309200  1370165230  -2077285322  -726626124]
414,10,[-647452356  541078492  985464572  2100451888  -1422068165  1521407671  -330887844  1484625160  -194092105  1248774815]
415,10,[731477656  -1319761957  -1899166812  -1808526888  2024201878  212105922  -506831564  467217700  820122549  566866341]
416,10,[-886907059  -2097554731  -1727426986  -1474156169  -156536178  -419560827  342980436  857977815  1843819789  -1346469040]
417,10,[-412585012  -202698000  901483836  1863110413  -192642917  -850958155  -892343792  -417553414  925879927  1956264857]
419,10,[-1679407403  1796701687  -2054098718  -1831115451  1604742839  1542462228  -2076365538  157315708  737192476  -1595274696]
421,10,[-410600731  -924581081  305645477  1589169790  301108754  596722212  773370336  1524372989  657411675  659473532]
422,10,[46554794  -2099008344  1013958800  1232107075  601304540  1326902185  1925682063  -1623842623  -1955280374  -2079643218]
423,10,[-1345093595  43618366  -1120549502  -534822990  1019912878  1612540730  261597852  -346855787  1660853782  1842885730]
424,10,[-1964013990  -584447500  -550672733  756527722  -2065832090  1195406238  -725831114  -2118329657  -159598140  1033892690]
425,10,[-163672557  -1030931445  -1198391307  1919956415  1668459882  2073782182  -1691840961  1744972466  1162132572  851649249]
426,10,[547934901  -1608543742  1014461496  -1380904032  1169363784  1995676275  -12578881  901084604  -926734765  795204096]
427,10,[1541701000  -1880230128  -1925517946  -1541682863  1798203837  1050358278  -1320119419  200717954  1832040401  1485251660]
428,10,[-186950045  -62205443  1982180583  -757168692  -2142334658  -576947416  122126663  1104546926  -1947194358  687527341]
429,10,[-1749809968  -1221401997  559455649  1792820143  -1563900824  963532489  -883233000  272448220  332687628  2080863001]
431,10,[-1752887337  1889755944  -2137586672  708190261  -1928284860  2042274415  117873766  1311486359  -1304866126  193950819]
433,10,[-52858259  1000475908  -1944123490  -1814144177  -321835469  565439629  -1425389361  226707501  1691865687  645479990]
434,10,[-1082660429  -240821449  -1554117631  1833437521  -1098057858  -837737877  2071785048  162149921  -1355184585  -1507839928]
435,10,[-1169957791  -2065923467  498827031  -452396739  -470082227  -1059975331  523870885  1782492091  -1634085867  1013867696]
436,10,[1341008365  -1014944614  -1402599210  302131763  -461113876  -1857171043  -513131704  2106395745  27129259  -101392101]
437,10,[1252759555  -1091453065  1217623199  -1613297553  581586118  -1253862135  -517446731  1564243413  534628192  1000048499]
438,10,[2068759773  -1172508631  -2108347866  -128685377  -850933111  -2085782268  319518293  -1597247479  -1854858806  1758169330]
441,10,[133318363  -1585954597  2089157026  575628719  786077046  -1273651982  -1617193900  -1633638699  -1040893759  1553134233]
443,10,[-1291884318  -1158063537  367588725  -1385882710  1384919138  -487192903  241000940  -1506774613  169180344  1145598660]
444,10,[1527050874  -844838971  199291072  1424807036  1091467330  -32904701  1871174832  1881195753  1520448342  2096329526]
445,10,[944802499  1837317297  193695378  -1918316522  -1459092926  826702408  1902798414  -1090827287  -1215778988  2029197233]
446,10,[739695067  1119250409  884785611  536800806  1908190286  -245794031  -995920752  724535094  1630034131  1227943523]
447,10,[-196677914  -1834774004  743834214  -178549453  1258381698  1132169798  -747992067  -126719846  -139080373  157058709]
448,10,[-1406038811  -1454500239  -327328627  991869164  -481360233  1578082153  1656935988  -1167263750  -176067918  -1650357993]
449,10,[2055864491  1944598604  1664294444  506145984  -985926056  -471841754  -1042231735  -665775052  -1399968897  556171491]
450,10,[-2143689807  532791955  1044017866  1752993565  1936412236  1753589624  -1661959479  2106586329  -139830918  -284303065]
452,10,[-549800684  -1759646025  -1468668587  1660136649  -894989396  -331624623  -250979120  -375740285  1877155167  -1098338134]
453,10,[745146880  1316814387  295628591  -1835099889  -489201220  -1202823206  -361024669  -222661299  -1735788262  -542922292]
456,10,[-1882121186  -815880918  -371383958  219333754  -546474293  247722308  -772822443  -342449293  827008179  -863119025]
457,10,[1859849927  1784644856  1749899059  75121228  -606428219  -294947912  280136181  1858512577  104164404  -41370677]
458,10,[1238927529  875718922  -1126451061  401213433  -510038621  176652622  972662379  1427427027  -1469515983  1392446153]
460,10,[427746197  1305681072  1131671931  1879257170  -1715815667  -2113167599  -1727675590  950404284  1612169462  -287489208]
461,10,[774609005  -696826511  -613114003  -1700042287  -1844460419  -1054277970  -1796383924  -230960602  -796365957  2121650196]
462,10,[-932379553  113959429  772898073  -350717196  -394858823  -725894016  -1380633930  1273872318  1252066376  52681985]
463,10,[-697451168  -2043481082  -299645168  319657763  1982406303  -1531206006  1718398190  2040260691  956154022  585676250]
465,10,[-478435190  671668341  582166254  863756229  -38823346  -1021328831  -2065847488  -2061668499  -1545073133  2043433724]
466,10,[-1468693746  144205589  -313360758  1737850423  -1898722433  965695577  1615583498  -923279895  -1854875221  -280075152]
469,10,[576716318  1236083694  -71437386  547580864  -1993337354  -1786661666  -1175424359  -502064606  -193010965  1021729983]
472,10,[-1534408227  1330250519  -1929697711  -2020872136  1780397182  522449094  497473384  -1531975652  300631573  868539907]
475,10,[-1184535203  -1641026644  438513911  -743892418  40971137  -450583826  -722727904  -1608747582  -805154506  -662723056]
477,10,[-674980430  448980208  1760768190  -1147721052  1108870648  1250128067  -182896724  -1444721983  -1053652397  1793455605]
479,10,[1514635223  1483786296  1350355485  -310734924  -1667339534  -2001217057  1668450541  65417830  346534594  -1624451940]
480,10,[1145153588  333372326  -349884700  1726568983  -1530640145  -1751756322  1761091912  -1870414863  -1245359235  -470159574]
481,10,[701858835  -323443134  -1129092997  -1666142967  346422835  -250673725  17432074  -1755058219  1019018507  -2020129040]
482,10,[1234387983  -1317881430  204060824  -1445556060  631507321  1789849452  929933710  779136649  593788767  -128625680]
484,10,[156072517  84357055  -2083601411  421378128  -1547585234  -730829631  1702633599  -855919236  804241849  -1211795590]
485,10,[2145452460  -2047309195  -365598241  -1671631449  -1365407291  2099088864  -22083553  -1729493312  -1896004684  -406643601]
486,10,[280297772  -237478742  1886815979  1587290286  -1106236107  1500641271  372255108  -381560649  354345221  833728392]
487,10,[2010181657  431941927  1421646002  -1014160427  380661532  -1567176096  1166050421  1901493813  -1554596652  1167635245]
488,10,[-318415074  134774914  -312043780  -747963846  -1778721781  -827383662  -1861149902  23621728  -190561943  1488087263]
489,10,[-57437079  1730682539  1787051173  -1861814359  2138535316  40461936  -493867253  -668814963  2017971331  1096103520]
492,10,[-608780991  584134413  -1559910703  1513103977  -1388807596  -1325553992  1037291355  124391412  -1027136001  1938261511]
493,10,[1946621233  249944384  -2034184714  -1369043630  1822112471  1297415255  -179389858  -1653943109  634630048  -1648403641]
494,10,[650087000  -1978384057  574133685  245980222  -1634235781  1491374794  -1917341931  583162870  -1637969497  741780412]
495,10,[-1088390203  -1110879020  1318572687  993074981  794817125  -686691592  -1866500724  993542683  1337653700  113090802]
497,10,[-1897796231  -1412924785  328828892  1347194685  1273515691  1615055561  938772313  -1476761863  -574682720  -1706625372]
498,10,[1322204950  -1939943495  -979342793  224274694  -1996642014  -6326265  1197754840  -1686505207  -2055024534  -405199899]
500,10,[1250359938  -253700118  -133493813  -1982954356  -106583392  -794766015  873564851  -1337346387  -134921766  1439743373]
501,10,[-1851058221  -622123102  -142236186  -938864867  296484154  876729707  -574047179  2122176171  640014260  -794016884]
502,10,[-985133564  -1836975061  -955039326  -1310123315  852541601  508036404  -57456060  -271016753  -872843344  -574133499]
503,10,[1027762107  2065589506  950212774  -1105536480  1731980936  838612579  -2091175424  1498722643  1666435896  -1842441462]
504,10,[168995437  -477470710  -2111607161  -1162305487  465454470  507013746  -1330785978  2092133721  -544241910  -956733478]
505,10,[1047976585  1937315602  440969642  218949952  1448298176  -117784748  -1126117844  1702641260  557159272  -1874226859]
506,10,[182764639  1675226321  57118290  1985831970  1082744154  1011303313  905154267  -913565444  -2003446073  1665033283]
510,10,[-1200822988  1825669097  1124601279  -370784828  535736918  -1778416803  517496315  -946810256  -1308548266  -894650067]
511,10,[574954626  182388934  -1960536967  -1663122068  -1998531170  -1377492603  -1980505886  2106566940  -1625462328  -1714789569]
512,10,[-1162307476  -2042337347  1481940787  -277773299  635032605  -583089104  1936166238  893016158  -2062325491  753247127]
513,10,[-1947305290  890356994  1331962640  1545193044  1616774343  -1641712978  -797934951  508151511  73672331  1831827044]
514,10,[40659518  1177419548  277688808  -921656804  -1721591060  34441318  -1770361255  1009730788  588465725  1290067489]
515,10,[1256291390  1211544600  2016388976  1466381652  -1335045151  1557869968  613950272  -2043816050  -1424626474  -962793820]
516,10,[-1208492617  -1410534050  884930919  -1872154622  -592441066  352581774  598178376  -660392479  -633953348  269133645]
518,10,[1192244788  1008128018  -1349061556  -487022221  -481727303  -458254399  -1587011034  1228837843  1294632243  787198323]
519,10,[-1037127153  375264664  481235034  165898336  95065736  1660245799  -445327058  809556226  -1549612927  1487244633]
521,10,[-287104997  699520199  -518737973  -581121641  -610735155  -1482754275  -1052610576  510927326  -965734688  1455506886]
522,10,[-726153685  362279851  1098988473  1045749867  408702029  -1860130126  -1452484374  -559895129  1844904810  1681637154]
523,10,[-976033352  -32809507  30162254  1635693918  -984317364  -1527974706  331186186  -1484265514  951026730  1722363740]
526,10,[1307536297  -1485106035  -898989468  269454212  -990419633  -522721497  -842430599  -97186486  370531533  -679478413]
527,10,[992310457  1794113017  -1810812577  -536396493  -529273121  1489318181  796847439  -263067898  1636548695  -609247833]
531,10,[-218408595  -1778006575  -803317205  412999226  764738588  -866684467  686267988  -1199002198  -2104350278  -358624800]
532,10,[100631410  1762055409  -1441801680  -1406349780  -1766365393  -1795384436  696735626  -505636789  -1624390002  1100680597]
533,10,[1057995792  -1207551978  1287703768  1755945215  -1193701415  -1222653857  1781570173  967419485  367262408  1845725888]
534,10,[1174022344  -1897028629  900502083  719924656  -1606403561  1853597264  513033466  -2096547352  197969038  -67279884]
535,10,[262802516  993406456  601131000  -209964402  856837918  -1713439636  1800007312  -1353800841  1436420320  1726225534]
536,10,[-691847735  -741308857  -442570573  -1519038027  -1690368957  882291837  657263166  -611868636  1447529874  -695756433]
537,10,[1308772732  -1766572069  -366537116  2049146737  -1230220806  -1986177896  340852178  297018454  -2126092510  453037498]
538,10,[318985193  -1740438017  -1016317864  1551099708  -1106665508  -1104063004  -457807203  804565878  -322319078  887346803]
539,10,[116732016  -238068519  -935030699  -47567838  -1118576638  316847518  -558904953  -266740937  -1056788286  -1854107691]
540,10,[-1089696521  1637049392  1355296164  -580870814  1809182052  1962537742  15116383  -1856124181  1951970896  324969534]
541,10,[1596141300  1137648220  -1950133701  1132968152  -157691583  -1428922962  -1098755395  -179884879  -2053676455  -268636302]
542,10,[1953525755  1887424201  -626028261  462223085  -1125747229  977649724  -821642436  -124955313  -238734642  -1526991931]
544,10,[-1984591828  -1054147911  -252223440  1944850666  630397608  -462335187  -1274577430  1077565738  -1676334141  654056701]
546,10,[-1828596340  -53748892  -1895833614  1852243005  1603863769  111709970  -1221178779  -1680425615  -2027781616  -77380973]
547,10,[-1242661385  1484389220  -1358164973  -1059505076  1668871159  -120944857  -665944374  1428876756  -855790857  1445409313]
548,10,[-1836845042  826310895  345330053  652865260  -2021901798  1496537522  1772325257  114644621  933594328  75222963]
549,10,[1064903263  1042617373  254338476  -141733505  1996028022  962966527  -1063707465  -387645987  664354989  2130917273]
553,10,[1458483137  182024383  -1362848710  673284477  -1495617128  624885272  1933651583  -1073937757  1996437772  2122952323]
554,10,[-1303679551  755667742  1888946012  199828127  -1969333768  830673835  -523156592  -365155746  1825375967  -1629778486]
557,10,[-50290618  -387448402  558564886  -109917840  -1634870246  -2027934728  -1483285193  -743340539  -1535323797  1418842113]
559,10,[-1668216523  582011063  436342710  -1080798341  957250899  1768026665  222678230  -1509693484  841988050  205009697]
561,10,[1648623115  807848826  -1282767375  -17269233  940902139  985416270  76410378  -1332344243  -155735420  1079059951]
563,10,[471054927  1045341547  1685560118  -1347914006  -2049785197  -1106466094  1765885768  723023152  1582319031  -925965819]
564,10,[2097430745  452443412  569842981  -624896359  -1298356966  1967110658  758341714  -1035370170  1196968814  1994927723]
566,10,[-604837389  -784056798  -978492187  -1895593504  -974305365  1495715275  1228124675  682056106  1014205763  1225213566]
567,10,[241575192  940932798  1081623986  2134068848  -32221822  53060647  -218334293  -2116178165  392189147  -739654443]
568,10,[156216677  -2129743190  -1343510483  1247732651  583252820  -1038082452  -1027106278  -228338690  -148247817  1240725074]
570,10,[-1492155371  2031148883  -74127170  -1016564336  -807776570  -852048202  271171650  -863006870  -1449265121  -1470130437]
571,10,[-891042526  -158603865  -1297924327  1051674257  -1851872356  -1644819903  33960545  -1490050644  1919282884  -72621708]
572,10,[549560036  -1079379070  -2046776406  -1124040398  -413405647  1940594821  184172251  -749346754  593632030  -1027584132]
573,10,[1546852789  609736197  1668757573  -1631257012  -295218978  899229181  1770163891  700517093  2067932073  -1699731620]
576,10,[1447571890  -1373109774  835979378  -631027585  1959499515  674441965  -251923572  797585735  -1383638757  324964748]
577,10,[1725044148  134846512  -998303138  381438038  1827878444  1278523718  -1858716043  -1598153446  335400278  -1190857660]
578,10,[1319304612  1825722601  1576059017  -973759511  -1527361274  -202430393  -427452761  156460865  180219317  1381398999]
580,10,[2101951693  726767446  -1541901125  1422583185  1133552131  2028526644  1304023900  1927275993  -1182878519  1123969950]
581,10,[36066774  53084137  9597625  1449314189  549092534  -1423238496  -1764875888  330467179  784612063  -1420457300]
583,10,[-1451140212  -940854048  1794344740  -117676442  -581686842  844420813  1243442475  1430037951  395290187  -820114873]
584,10,[-167570281  -119679885  -153533837  -1640935216  359413097  1247272078  1253127817  -6170730  435365162  -173326247]
585,10,[1520612708  -1737162586  -1442882700  -1248128954  -894198987  1371256430  -971752995  1929466369  -1696926861  19692124]
586,10,[-2002513629  -1422915727  1806521885  -1643559480  -547687377  1960422634  2119481094  277334823  -1498112256  -1417140687]
588,10,[-158430214  -856441073  2124814902  1460177491  -1945687768  1641536803  -1713856321  1993059823  -1625508723  69103294]
590,10,[-207109492  -1058492471  -187858359  1922568373  480375016  1289233185  -1339361315  967569689  -837446203  -382789442]
591,10,[215020278  -2077755438  -1429342402  -346972553  -920704159  1436995526  -692525440  51939235  618421389  1518565530]
592,10,[1091189699  -392208656  -791392736  1070082478  1287607693  1508569775  -1350339469  -1793104358  1516687118  -1783246907]
593,10,[-1575145837  1190105401  -1055895612  -687379496  -1480023319  1413695952  1362558615  -1110642108  -1468073223  -855743094]
594,10,[279984622  341692716  -1336890709  -961556216  -98200702  -1754973698  566767762  1249708946  495937813  1651923875]
596,10,[1218964142  -1533077513  417315712  892186685  2116599914  -657018569  -309254842  879604929  460394730  187120646]
598,10,[-2091378904  -1406007630  690912182  757684534  2143213864  1688303441  -1288545210  -407098874  1475323133  -1677349001]
599,10,[-662062560  -590378228  -1731616576  808543048  2076940382  1366623641  -1671400592  -1183021904  2060603073  75488416]
601,10,[963929376  1747082240  -27912769  -581686681  1356260639  -997712363  7483795  -860989943  -204170254  -250908523]
602,10,[805847266  -146072115  1762894464  -587173929  1194398509  757220463  -1096818085  1858933594  -1847918557  1554633395]
603,10,[-1770777942  -1255224182  -55687309  1898883238  1685241658  2038243150  -51326212  1223167247  -1587770729  1998410415]
604,10,[-1949838261  1610326536  -658215403  -2631000  -833659717  1887288962  1111042467  1543734521  953514094  -521632990]
608,10,[-873519860  1581507896  414669468  2064815091  -481307581  1630641778  1740364248  -2013642042  -983640719  1389316833]
610,10,[2141267061  -825790841  -1437465701  -1155441127  -598845890  1324207566  -551169859  699993479  1614188235  -1085575697]
611,10,[608621176  1064172278  245098508  1533355696  -884962135  -496394670  -771263852  2115387867  -1064022985  1583616683]
612,10,[-1575537573  1325908056  -815389903  -1080166649  512298698  1451073731  -1132945632  -1324744125  -1356614255  -141041613]
614,10,[1789101982  593918951  -34997479  -1779359871  1459029760  -343550259  209906114  1392087007  -1475267042  -280583965]
615,10,[-1864610910  -750564107  2146797951  1411993022  -1820344216  1815112668  2005950869  -1174720512  -1057784509  -128037694]
616,10,[1828657289  -1483193548  960230143  461152124  -1645124329  -718839245  -1061531094  -1550895286  -1132502144  28394868]
618,10,[-1032924174  953696208  233472340  -510111334  -1931950142  -203204604  604206981  -1650709303  306660671  -1936324123]
620,10,[-1640529960  -1293188931  -1898164166  334425585  -297888241  -1162120482  -1803588858  -397195904  -886053155  -2039394048]
621,10,[537070001  10084616  369587849  1144292638  546369907  -2049829927  1695699964  -1228461082  677315999  1665042922]
622,10,[-73889595  1778012983  -1433892460  951011428  -1873468388  -670630350  -262432258  -527845556  -34362655  1174414961]
625,10,[346187209  -1432646800  -1129887251  87952882  1007373431  -1907732088  -63949246  360763422  -1071779836  -541857425]
626,10,[938744288  -651771823  352935107  329550255  775785278  1293885823  -1399699356  1811154965  254631471  624134699]
627,10,[492964259  1716594938  -1670416214  1012573018  -683106003  -2070205967  967474935  -1068229013  -1517636619  862128161]
628,10,[1492485376  -36904647  -1631275525  -964043805  -1017019035  1618283193  1681775890  -1242511907  937566850  1721888278]
632,10,[-1093841163  1278814913  -905200394  1662495424  -174522366  -417595071  1851027104  -609193211  -881064956  -546758040]
633,10,[-665143385  -758400071  -345360396  992223024  2004309488  -697053820  52549570  -299032010  504122570  -647913990]
634,10,[802996418  1779306931  919758595  1298735985  -165241934  -1871340116  -1024398081  -1857039252  -1459443765  1386548122]
635,10,[61647009  1459154618  -1933069872  1161398596  -987339113  -1160620173  1311037950  -330420143  -1871014980  -1184473747]
636,10,[1248129738  -192936734  176647569  -906309321  1273383657  1054581869  -2091629931  -1523957515  1849651951  -1850130316]
637,10,[-1537596450  -346155383  -305684988  -533933476  1802256918  1212593101  957055288  1154113694  -702704982  440014665]
638,10,[-1432142377  -1948713  348669508  1976639701  250623760  -1868931965  -1315251216  376557258  1498792434  -600223096]
639,10,[1861370151  -1135457164  961553012  -1559657461  -1978159278  -542662937  -105908796  -131770438  -1179569153  -497231946]
641,10,[419188210  -1386759635  -809377761  -32654900  1933632006  -164102928  -2046704906  553990384  -1752283171  292254250]
643,10,[-12611103  1717374440  -729948902  -1724443978  401172839  789325404  1374891003  1446684887  -445321672  -183940387]
644,10,[-1803319677  -2000204101  -452235114  1283028903  495505975  -1288776052  -10231374  1738472798  1923840053  -300920016]
645,10,[-296092229  -1499766651  -1567746848  -1626456623  1385686231  1974057682  1463490522  -212649236  -62634197  -1638719025]
646,10,[1206909182  1095696321  -1683527555  -1288809493  -464868059  171835859  -659977581  1696426443  -542304891  1424106886]
647,10,[-1057176663  -172948888  553981017  -1511692800  458344758  574050644  1946789124  1126539528  -61650157  499956386]
649,10,[-627668152  891186847  -1210171204  1992322818  -171708401  -1175900136  1526781774  1151737300  -1584460498  -210015189]
651,10,[1145169807  1388230241  1726760319  1426281540  908772538  -962954246  972909897  853535480  -1199208607  -191970846]
652,10,[420787166  925086575  -751993152  936420450  -958761718  1316579079  262807635  -1664047218  109647483  443240129]
653,10,[-391887756  -1847783795  716151913  -1332647875  592553535  1142740359  -711383391  -1947701230  -410115506  469577116]
655,10,[-1009072812  1676593256  -1257265223  -1871181498  -66908477  1349253312  885187748  -1686341426  -1519703644  1958290404]
657,10,[-766225885  828979780  -452719612  1764079279  -505334103  -1305689290  1610645703  -1938814886  1413123718  -520235468]
660,10,[1315530218  1704612157  397596814  252573861  -1386346518  671711796  1056168040  -909249616  -1773370032  1415445046]
661,10,[-81739289  852667407  -1606560889  1382220354  -722905840  -1714337829  133990963  -240462220  -1414804855  1650350556]
662,10,[-1571023581  896394554  -1445163070  -597482762  534397556  2004729632  -72825845  -1403139122  1996102636  -963005021]
663,10,[-742256319  -1365811025  -609758218  -1981567042  -1124412035  809071609  1231759104  574530897  1122658337  -1313766918]
664,10,[1197748515  -1907346755  1645231712  635573467  1340331157  1538783401  54090646  1253729238  -1481812696  1701901862]
666,10,[1882744794  1196171826  -1310371963  -768395835  -765510265  -1129527921  -494745966  1610827154  2113978879  261530156]
671,10,[2098483983  1285456591  1261792829  -638182053  -2022454439  -2045391780  -1996994946  561745112  488719383  -778661136]
672,10,[-342590692  1645458935  884794564  -1187433572  1930563028  -1187140097  1984954189  -373934899  -851286444  -1813630109]
673,10,[-119029842  905828315  -1998403458  -456254619  2100372835  1310792435  -585720354  1970741791  2123024676  -1086251085]
674,10,[-786364390  -1612770267  685349181  1901354181  -1364143129  -1322901206  1713430314  -467004780  114445761  -453795091]
676,10,[853320775  1984316982  -485074128  -734664223  -797711295  828589461  -1801731598  1559214105  -1768528265  38232172]
678,10,[243848360  -523929683  599651417  1123045478  745141505  307188921  1136672673  690635608  -1074583689  -797985054]
679,10,[-2127843757  956776585  -1167161838  -202195554  1760981359  408250818  -1157614129  482137081  -544760638  1850540243]
680,10,[1991096900  793424036  -1970721750  1983583959  -500600590  -1712587660  -488159503  -239397084  -1411347868  -844611809]
681,10,[26580577  1389691947  -1320238092  1785900768  2006646318  1900731352  -1584200145  -501253436  -761903424  -1357191105]
682,10,[-1104356277  778558245  -529985455  1039135600  -313007515  1868218349  -1443580986  -261574432  -826078705  1577774014]
684,10,[48578175  1457656955  270770539  1984209655  2101682176  1188003796  -449991497  -712041202  -2131974025  8286475]
685,10,[-646024290  1788367751  1527024365  -1675684123  -2143329312  -1009636311  -1183229441  1107953232  -462879418  6136537]
687,10,[1755731545  -34462840  -1312555157  -873158869  73683255  -20844937  -903179450  381633589  -285316488  -1236177204]
688,10,[967195940  -566083756  -2143220480  -564113365  186285453  -1369409394  -504451469  881332085  1393022861  -668178637]
689,10,[-2098348913  -131404331  1712462043  1656886494  -1041019371  -298031247  -1657745828  -1949070283  -896266748  -1428879161]
690,10,[2067837439  -1448100533  1218251442  -625683949  85967543  1167607298  -1824445802  957111460  1704051278  1034983419]
693,10,[1361009996  -1541895600  563864253  1854884722  -1384280358  -1794844466  2089042594  2059028627  950917710  -1372951267]
694,10,[179869343  1661481349  -754144193  -1624320627  1562453671  -1213875199  -498971062  841452423  -838069025  -999750792]
696,10,[1396924989  610660668  1906684803  425510629  -576840708  1097690538  899525585  1931923141  1456893115  -826735843]
697,10,[554865106  -1070422965  859062139  2087136549  -1417403773  -1431257949  1807372940  -802780785  -239635298  1046927463]
699,10,[-1668886714  -1885125222  1349043408  1313995712  1619234712  1571670310  1410229001  869098998  -1396202887  1017147977]
701,10,[-2072621270  -584903226  705061244  13143922  -2009520067  -264046824  493731365  -1072863756  1945667581  521205353]
702,10,[619910344  -680558168  -1361510516  1575605599  1298602885  1620286579  -87095170  -1760977498  -1879208617  -111843658]
703,10,[-1162145518  975895142  1551888877  1477288670  384790131  1639514836  -1167428772  278614227  273752851  1132693070]
704,10,[1342285281  1513576659  1235766042  -239494297  -958412050  -1304464631  1559836783  536932826  -1948905232  -1568274538]
706,10,[-896571472  -1001799838  903030622  -332378714  -2054736193  97503764  1601715084  784862016  699171883  -166251757]
709,10,[-559602548  -220307613  -153079089  1859541926  2011774237  1068191263  -1552801575  -1965311318  779193828  430206030]
714,10,[1765675343  1574238020  -451386839  -1024280760  -1351510508  102213903  1926831731  1115258378  -884253889  -1939170434]
715,10,[-269430777  -16066893  55510424  1102764751  -1265055876  1476794303  1442784844  -1353473560  1380424107  666153301]
717,10,[-368354427  -955496667  -2023711430  1761316026  -1073665703  735195634  -666368854  -1503518360  -2530511  737232761]
718,10,[-1244088920  -922189743  -483732711  -1012554813  -1271436225  468165938  765477355  -1987704367  -210046246  -413460071]
721,10,[-97976508  2051758651  -2092225260  -1163581195  60213160  -1125000517  1937434476  360509799  -313704590  -2135891388]
722,10,[1375346842  2137346407  2069112343  1735440549  1441246615  -1429038639  1503582758  -326122581  809136848  -1633696211]
723,10,[1454632377  2039934880  781452851  -2005869884  1495311559  547988500  1382493775  692339157  -1873285392  936572836]
724,10,[-98864844  -337518821  1404825772  -678254658  781161351  -660767178  -1751623676  777573570  -1843142812  1522476316]
725,10,[1990192562  -1416276388  -1471862141  2139313010  -746260575  -1378268056  -333850692  118378408  -891831100  1570506499]
726,10,[-1816018812  146749935  -1339968180  -406740084  -732532414  301005523  -881720020  -452273368  -1965912293  -310466550]
729,10,[991735566  1594769420  1173925686  1008033770  -1067471263  -896031154  -815069129  -2094776682  1375342283  158207303]
730,10,[833096181  1210465071  -257304437  -1637919370  -1116589992  790338582  1720054618  -2038385395  1871506057  -16316824]
731,10,[-192377846  -352316597  -149620333  -95812029  -1376575484  -940677260  -1785802560  -1027439396  944960908  372747318]
732,10,[-166486959  937425061  -1912341071  199589323  923249372  -1947673295  -840649864  -315473564  2003712265  531307739]
733,10,[-1896587892  1367286831  -997928031  -616052567  367800831  -246019345  -588900255  -281189714  811191379  -1694014278]
735,10,[-792138684  71163813  408092545  99259392  -693569809  311313541  -574355891  -1730446345  1781892934  -1491816913]
737,10,[260445537  1917803375  -800544166  -607442419  983873001  190365239  400215481  -1484373353  930527146  122280859]
738,10,[-1936009337  -1309804161  905553493  1378304099  -622750833  -342163395  -1157525469  305041263  1678945048  1909354947]
740,10,[-853060921  1808361937  1299241995  -1207659472  -1127309117  -1463315788  1004411181  1748564319  1156652937  -1107497285]
743,10,[-49876539  -1217527931  -861244270  -1176844311  556455112  423345804  -66883564  -528888327  -17994335  344632457]
744,10,[-61665870  2042795289  185210356  -839896218  898830407  -707380378  1941759696  1672879324  -1146539050  -1480671828]
746,10,[-768915803  1038305820  -1788085601  -577432367  214590222  1511267631  415961487  -714505691  -497819244  -2059435050]
748,10,[-711276709  -1367931247  -193445507  421213500  -1699299951  -1033093466  4611978  288055276  505336835  1460305845]
749,10,[1364199452  1089671824  -1094687389  -1814681495  1765104093  -1600563062  927361489  1652914851  578326125  -1693314893]
750,10,[-238627715  -1999353511  1025954553  -680613213  -1696645871  -1613737362  -817840886  -618343315  585197509  -750422990]
751,10,[-1493375521  -59275419  556802128  -1936400304  -562554031  -1909601819  591332693  -557692375  1414617838  1978480620]
752,10,[-554728913  1837651123  39437883  775731141  445799742  -2085073276  -830683112  -1973090672  -1944251918  1738293718]
754,10,[570252827  1891905125  577858988  -683317695  1528981091  -88973076  218454076  -1571628246  -1630281701  -905620872]
755,10,[-1694415034  -740361221  -125288187  -1290866863  794616449  1778662554  1695236235  197750597  -387073745  1182786788]
756,10,[1535449016  975098743  -134991291  -936951886  1232897240  1661253066  -2016525822  1780562630  -82505421  1481151937]
757,10,[-1377920962  -1701391731  23944900  -1819044213  -484759556  528183116  1995235254  72194816  626015934  -1502050415]
759,10,[2028374866  544920616  -1370644688  1750508949  -1324840403  446551062  -1562938385  -562663984  42259173  2061347540]
760,10,[-2128678177  -1691007508  2059742619  -1376346270  1689123330  1043658135  -1842773929  -1157431467  -934684496  1753077207]
761,10,[-791226808  745087539  -1728673828  -1938981879  253685050  1739126540  -190948224  673358253  -1711010906  1854588152]
763,10,[270920148  2046972467  -816974436  162496258  -340391000  1345204263  -1668289110  2085541605  -319702371  911438979]
764,10,[540619375  1920547936  -48441603  -581829219  -295647061  -779490951  1579111024  -1606571636  -1049003060  693867161]
765,10,[306489820  206262640  -510685004  -975790244  1429041524  -1689671933  1464009724  -190004202  -1345503817  1465084501]
767,10,[-861302077  -2126059218  -350542927  1320705195  1685628741  -1455290098  -90585604  -1601876369  -1161579447  -1959531060]
771,10,[360323946  -423875644  -257372290  600924508  -116125053  1481371626  -1897597555  1994032842  -1965086016  -666714930]
772,10,[-1000351813  1080638811  -1842820932  -1888276396  1327083289  1768634698  1048602776  -1914080865  -826088494  -1252094644]
773,10,[458791062  707745874  -35567753  1089020567  -1006058083  1758530271  -479373299  -505911106  -1092243495  -1320263136]
775,10,[-1251463141  -1218777296  -1130222300  -664222662  -1210543917  -310884623  316342519  1586146636  134166607  -1433038063]
777,10,[389893635  -1447725189  649555150  -1356411155  1326212354  -1441179433  -634864759  803054671  -1433073045  -1361087850]
778,10,[541000424  -243284235  -1697137771  1395425074  1742905596  -182276823  1127113349  -1505043820  1781017851  -1008458456]
779,10,[-924667007  678449362  -235791161  1873268599  -1184587486  575989706  -203107722  1639690414  680825165  929557863]
780,10,[2059406796  -189409177  1870397372  279533513  1713033715  1535645258  1415641401  -532060798  -853027350  -922117976]
781,10,[2038576660  2030455207  2137108922  -837377047  -400282828  -1431822263  881491457  -1267790511  1738906342  -258070955]
782,10,[85417646  -1445355864  478970463  -469371813  -167780383  -1137465516  736738143  -212466549  532097964  323745719]
784,10,[1625036024  254170617  -65062605  992864458  58104811  1106525398  -1036891892  -352489100  -105722715  1392994941]
785,10,[494081220  1479205799  -1244300992  -477552037  991996738  436146204  883283639  1988301226  2026893745  1690764262]
787,10,[1541118605  -410306651  1629249861  787547790  -1109662414  1459782997  410158675  -1418563566  307685679  851992429]
788,10,[1182315752  1788923928  -429050665  -2029227558  -1084534422  2106802451  -1590131349  -1233147990  1180962765  -702074449]
789,10,[-2105646192  2083613598  -623358336  1770598214  -434529990  1708814866  163503644  -496345319  406196636  2144256326]
790,10,[-522643616  1327665111  -603161351  102713740  -100094720  -1468287927  -1330593937  813780994  432379035  -1044018138]
791,10,[473135176  993293058  1681020799  -1004469573  -1124674326  1303893921  -933048585  -1190864493  -2051721092  1567265864]
794,10,[1770108412  784559650  1998710466  -870516187  1169851795  679569156  -2043600426  878937003  1486899162  -1328395113]
796,10,[1558261681  706109958  271333990  1556472828  1998636150  -800042821  -920176411  2104009370  120704974  514024128]
797,10,[-1432489617  386027010  -1371265488  336420816  -749850375  -1474769698  -644942446  -110338924  -1783634537  -882149683]
798,10,[-90128677  1425215931  1329126299  791873789  -359833614  -1166645223  -431251776  -1201568395  715012679  1239414545]
799,10,[-1670165504  -1776870394  -1855353530  -1163401321  1062616521  -1093455838  -1592904443  -911062301  -138864335  -1182974270]
800,10,[1037207528  1504124411  1244865438  -453005565  1876818797  -2051785780  972348471  -286782358  8065362  1047862250]
803,10,[1514135519  1417222368  -1814391156  -1718558499  1561518206  -1878240677  1831579576  1702672193  1197723364  1029516440]
804,10,[736519767  293251507  -2121023175  646883343  -876938112  422325251  2083263823  1408270244  -116649198  -330033191]
805,10,[1709193901  -1422920726  -1163007679  475193167  -1836019669  -1518945916  731999976  1921265212  -664998306  -987995026]
807,10,[2094086422  665430802  -2024639306  861306089  1072058218  -1494933904  788699904  1330094500  777333563  -890358738]
808,10,[-1165699893  985059773  1829762857  1229227586  664857842  1265865943  1896393966  -708107345  192523386  1852607710]
809,10,[1365550995  2110356591  1538394094  -1331804619  1698998466  -179022460  -1346941560  2104544811  417667896  1896864913]
810,10,[331702196  -146857734  -759514126  -1277732552  -912339817  -2007419018  1688999425  183587715  -1172183398  96388301]
811,10,[-1680391274  -876170924  1061718703  -1642770839  303507937  -859181829  -377826047  1487060843  1961009106  -1031574746]
816,10,[1226782658  -106039632  -338320379  -643940999  666984080  1066212703  -1788842319  154860796  257357154  -668313580]
818,10,[-1130656127  645030599  -1143926059  -378193708  949431447  1791423150  856785865  -1136118971  -1744645104  -955375337]
822,10,[-545882223  -669828246  2124647347  627265510  1476549513  -317419470  1884087169  1064486407  -342528615  1797245788]
823,10,[-2141630813  -2060497776  1842566005  -1118611437  -1484180740  793083326  111393320  1697114428  -1525035224  -3685477]
826,10,[-1076330815  -422222520  450905549  -342794278  -537938911  37890745  2076065888  788194806  -85727482  1642828349]
827,10,[-2100443756  -333108629  -902134076  -183582090  342836794  2136307209  1622391860  -806388490  730613529  -785217498]
829,10,[1999352786  -323990757  793026497  1757871871  -180951869  948686373  152558143  -1576846270  -918876337  -1449178247]
831,10,[-752491306  301765599  -587560709  1428733315  -792421198  1876356750  -828749494  -330957699  -2106603817  973523419]
833,10,[-1461284931  -1097416619  -1659519760  -495297217  -1193586360  -1696663274  -1916822377  -178066591  -270525377  -1181670848]
834,10,[-1899705993  -811792267  -1382671069  324246708  1940624571  42054008  5738446  1289858980  -370068300  -1724170911]
835,10,[-673953578  922589950  -536167905  881893230  1904875911  -919168148  -1123426074  1414418207  1096060797  -1457159241]
836,10,[-1044970846  1497992069  545979416  -487005424  1590322229  764767058  -1752401074  -1077060213  1652714425  301363759]
837,10,[-1829651124  1891682279  582754369  119277310  -1107547848  96404381  -88856236  -724321248  -688752122  1118901375]
838,10,[-86739302  -187280199  -1845295416  795953237  -1366271321  1535304982  1739298284  -11168732  1328280145  -934951245]
840,10,[-1084723131  1742994739  -1394684019  -1225780941  264868273  -2010153343  1572299818  2137871341  816589208  1630009607]
842,10,[1491600904  -2060471261  532177903  -1857058225  -1738557645  870051405  -2012403231  -240372296  -1110722961  -2137718462]
843,10,[-851246786  1694805107  -503298182  844282632  959783900  -856191590  214079758  273528003  -365967697  1265252126]
844,10,[-462921242  1464127454  -1489513452  839382718  -1135178879  -404997583  -408607014  882779110  723689743  757492256]
845,10,[1676452821  -347841282  1934360979  1375835044  1802007589  1077600925  1052057969  1968400193  2064233422  784733358]
846,10,[785915027  -360051215  -405862799  -804928983  -1884622441  473930000  -443133936  1673676848  372147979  -1166143748]
847,10,[-1735306650  -1583865638  257022480  1565276409  -531431989  2049346148  -2128165630  1117589275  -2111547963  1987609949]
848,10,[2145158979  -1266997747  470465581  -900034283  602359068  1093981643  -1041623070  1906984322  2143027779  -437887411]
849,10,[86438157  -2132350277  2014915822  -1685729166  134755903  623018447  -2048676879  -2006837083  2137671754  -169880263]
851,10,[40794565  466076682  -81217002  -2021148173  -357123811  -1574763665  1760825008  -48358905  2024816062  -1615376962]
852,10,[-155801314  -1793852436  -55468217  -2092906243  -1087739668  1456319299  1567743420  1439176483  1121290286  -305320215]
853,10,[-1826480348  -1053388961  2128255518  1376516175  1637853966  971983256  -1768533700  1197028484  3980248  -358985999]
854,10,[1341636046  603809536  1326121145  -1360746913  832243233  181235  -1024974581  1189799551  1019951914  -239170430]
855,10,[-694076094  -1100042142  -245639413  287553244  73732337  -604453121  -67154306  1693501701  -800194701  -257641328]
856,10,[-91675275  -1118605508  -362825605  -1829806178  1812442517  1980134146  980764090  -573921376  -247972657  -2046417856]
858,10,[-696324248  -1559775152  -941818799  1116792228  -96147485  1656390340  -1184239188  -305071456  128888282  -1314086754]
859,10,[-367490360  -988320934  534845143  80375325  22265183  -1040934090  -643936491  -830179482  -1667974539  -991132603]
860,10,[-108508321  107415804  1946409811  -877989155  -2105952078  1108511783  -2065761708  184580060  906123284  1114949256]
863,10,[1844044961  1736312608  -1241612062  803611738  -1792881260  -2134437860  -2078397638  1829683612  881637868  362773941]
864,10,[-1699462529  875005696  -1293987688  -1167515748  902423161  1201459514  -1380953539  700827403  1225942533  1284544291]
865,10,[185098929  1087987388  1501139467  1095788075  516211106  -1940538785  233975342  1925286282  1633050474  -270506046]
866,10,[-78726188  806700955  496593164  -1036196193  -2097828604  1544256746  -1251462355  -186438594  -1931532590  -274587815]
867,10,[-2117806718  988510873  1348826561  -89989468  344767341  2062227788  -406367673  -2071197342  -879500191  1409103817]
872,10,[734964075  -1109977284  -1623841902  -1921651891  -355601713  189067482  -1193673223  577161911  -1358457354  1673785351]
873,10,[1149847006  -282338543  1445908027  -151771759  -418078769  1145158810  2137475717  1072547703  -1105433465  -2033910803]
874,10,[-1950380719  -1478745408  -1967803296  1833396901  -463534476  -905694734  -768079570  602027032  -1601873984  -247695357]
875,10,[-928466891  -1333157713  2072891231  1119738268  -382301417  -1683057345  -1451387961  -313833364  1629610166  -1624963687]
876,10,[-1647283330  -800946876  1729487717  1530487600  -952933413  1620078124  1574515384  1088223138  1738525063  1477077462]
877,10,[888846243  1060491338  442868817  -1565895608  -1857806994  -1332878026  -103213970  -33510522  1666565842  -503611082]
878,10,[900245532  1704871339  139856177  1466510761  -1520559780  285338309  1441749970  -314316855  274519551  566310535]
879,10,[-377793386  -1877975100  -1936479121  -253304871  2115763575  1340960864  1638300024  506791223  1400611064  -598955044]
880,10,[-1252952964  -2123327732  466365095  1757054671  -58403585  849027591  2000144984  784667245  -259628829  447337555]
884,10,[925204927  -1728119201  -1767548045  769590629  1641955745  343143529  1336336290  692076669  -89568616  1285840028]
885,10,[224700274  -1753278723  1034580282  -415140056  -2056912480  1642594780  292993638  -1450063054  -2068640645  674432745]
886,10,[-1431742223  135224122  1533751362  896048438  657856467  203949794  1403492731  -1192435950  158048231  -1146840871]
887,10,[1484188488  -917689045  812928396  -1412712905  1515605760  -337263511  296464780  -1576446663  -1509274955  272593688]
888,10,[920944326  1487458853  -1369079593  -168461982  1983763879  1347575564  -2051246312  150216143  -209051241  -885688334]
889,10,[-1778196229  -513447516  -103243873  325516250  -1159608126  -1550101627  -1816594701  2000148924  419430765  -1814316110]
891,10,[-481906379  263202242  1431964389  878233248  -10196321  -294731191  999450491  1398852503  1918243879  -2089535718]
893,10,[-1482559085  1424847937  65024005  -662881998  700342415  -92974944  -1401223520  -1792142788  505825962  -2090099294]
895,10,[28278633  -1358437296  -1002169229  1233588518  1363308841  1204354120  775637694  699212459  1347075990  -2030268019]
896,10,[1479242130  506224305  -1133587550  -360682735  1751580592  -952250883  -1663310046  -739801423  -1261296349  899646407]
898,10,[1241788021  -2016118804  -452606891  224583790  429079513  873578908  786909642  853416315  511843165  1591264787]
899,10,[-211178073  -690758074  -1740747466  -448398721  -1917185751  -1907054364  921426783  1405390191  134197661  813021966]
900,10,[-273129927  -264927915  -1067523709  2065134347  1437006447  -555769773  -876574616  1268115158  627367631  988727157]
901,10,[480658033  -1263363461  -235183897  1776514459  1725900669  1061349856  1654918916  -375615149  1661942924  193698403]
902,10,[992897521  1659732465  -1646869763  -34808613  1352007527  193562394  -756605465  -222219996  -2057104643  1114719913]
903,10,[1374561608  -131148470  1389417133  -1395863802  -1118889856  1291083812  711259387  -1284060531  -1073933995  -1736666844]
907,10,[1853021036  1615917945  -1319289026  395203760  -243772013  920495114  -468883461  1257118602  -722074635  1961854016]
908,10,[-1178786045  247682797  1086969794  2068418563  -491734194  -1647920950  -440943542  -567548701  664198327  810426221]
910,10,[-2041746623  160669047  1152811522  -1666956740  -285968150  -1675502995  -1755009054  -727068748  -1189148069  -1814508294]
911,10,[1366943605  -1925228459  1219954540  -68427367  -1012562126  -690103740  1330815213  -1753252669  -1096639506  -946976867]
914,10,[105347642  -709168805  -1826521369  -1366195334  -970907016  -1030756475  1637170623  -978343186  -16312198  -1992776998]
915,10,[1503381305  -1593717673  -667831772  1440899666  684232329  -1692374904  -1867039694  673285779  258294098  1965336691]
916,10,[-807780170  -1668182738  -1554887639  1806321774  -540198579  -213907614  1930985432  436907172  -2091639291  125247841]
917,10,[-1277431673  -534562379  1344111031  1523546691  -1177108404  1862447949  -1618603974  1012430013  2031213400  -1109456647]
918,10,[-2045306476  536015487  -1260265158  -1057465971  180855919  -1030001812  1728538760  -1825235926  -2067995409  -1316519229]
919,10,[-1174898864  869339353  1748461519  -1938814772  41214839  1397599797  1537414060  -1826640355  -1920906737  -1615727126]
920,10,[1604911818  -549475655  -1002521426  2024467176  993425865  -1859122142  -1963930984  1818276676  721289174  -1565619198]
921,10,[88942294  -796553024  2046853402  854640910  -917869183  -2095268874  -1090692871  -1975443529  -1605728716  1243062093]
922,10,[-620144415  654140237  -1020705142  -341890229  -1554607758  1966778700  -207745203  1298987123  -1063325165  492784523]
924,10,[1114129931  226050105  1275888385  -1332946175  1498586796  -1457845359  1354337865  175041203  -474633349  -1268370968]
925,10,[707560944  -1068610743  922212790  1958818885  -1257138478  -919152156  -339087823  -1610038966  686595441  -1558729374]
926,10,[-1990941230  1281469242  1223038234  -1711018401  -633338026  1687754944  1094981813  -1337534648  -487460384  265887317]
927,10,[1967160323  667868142  1409960989  -2083560419  -766317073  198481177  1139079931  -847641327  589980899  -1141814815]
929,10,[1054477057  -1059395556  1026005018  -1554757959  -2085735340  -494232355  1502006674  -2055536840  230276405  177141021]
931,10,[1511102266  561034394  -126527145  75586234  621836043  -1526669065  1956406396  1423930873  -574259638  139545572]
932,10,[1878415830  -1447197500  73315006  -1021538878  -1491459495  -1539186444  -604044455  -2001137581  381177744  -1549871770]
933,10,[-1751482778  -654868327  -153241402  -196047391  1333184011  1406622685  1936394612  159617183  1743592320  -937383804]
934,10,[1189887629  -800323625  -810142293  1004050292  869785028  490138673  -1209757054  -547445596  1106619178  768214953]
935,10,[-1900987857  -1415386639  -1733297392  -1132006766  -1574629151  -1646936444  526936327  1044460769  1138054554  1166166255]
937,10,[-1803443849  1828034054  767157840  -1985477572  -150682500  318422345  -1107597366  1508655252  -2144447507  -1885109769]
938,10,[-1898102412  -904795143  -2120062835  992818451  -1362887635  484623032  885002680  -2130617982  -89572043  -1347627645]
939,10,[-1308473895  -269784172  1809462118  1571505670  -850421  -229182986  1690958969  883848333  -425029227  556971009]
940,10,[1155120758  1834274128  1072189065  1593882250  -516874742  147798562  -1953498768  566661530  960074389  -1440420858]
942,10,[-11149791  -986010608  778027922  -179594535  -969782350  -823278108  -1271355643  -1295999431  -1719399368  1817790765]
944,10,[1506514066  -542754931  -1724630793  474063407  1700203596  -1765180314  -1797717983  1342173897  -1172093323  1812002902]
946,10,[1394602995  417575641  807210256  471922773  1580142446  -2067059908  -2020845674  1882540476  1778066219  -1979083949]
947,10,[-502246849  550954002  1529356866  -838842598  -34252691  -773086265  -128869517  826284846  75595756  -220888451]
948,10,[301975354  2094684024  -807915418  1828280125  -1506820674  -1607833482  803660063  567316418  -2065433532  -548336140]
950,10,[-442315583  -1841834453  355346113  -1692909249  538450250  -1020075659  1282976679  -628968201  1789293469  2090638200]
951,10,[294104767  2019890488  -1322186256  1605105776  -415906009  1438759275  303774587  -1457988197  -1415273236  -1989130022]
953,10,[-2111861804  1988698771  -702627931  569774408  976925492  -321103570  1271617588  -1607807653  1676887925  -1667789559]
954,10,[810406751  -387680874  -111505228  -379320279  221590788  1460531605  1065816186  -2066675036  767454963  -447147613]
955,10,[-1005364097  -130843747  1760768398  1896215347  294962238  -1850365351  -2006306628  -795056831  1300705265  1405171249]
956,10,[-209621399  -751750548  110498387  1069039872  355618787  623329097  -636553209  336484693  -1869933369  808018210]
957,10,[1383125772  1681171706  -62808124  1482743123  767607129  -1025712577  -567943589  255610546  1571526497  -1736427864]
959,10,[-267055427  -1349698375  -858563425  1796662358  -1955124214  990799908  1059712839  1929276684  -1829354410  -1714238429]
960,10,[-1316641714  -1938599453  521874510  -2009152259  -1858069635  479281615  976849785  448537051  -1434267023  -1125247293]
961,10,[-729716225  591107551  1482838518  -1321998540  1691480462  -1990611901  77403822  270760460  1820585021  1293251530]
962,10,[-262847406  -1099141488  -641696142  -668978654  -1720810988  2129760443  1182530766  1054228954  1523705285  -1613711850]
963,10,[-608797317  168471874  1900603064  -118494070  350777316  -623223143  -2098384259  606190668  -641929259  1019028135]
964,10,[-564079531  2109552715  -1417228354  -230028619  -1440152163  -654495188  -683960557  -1700069282  384815031  601721158]
966,10,[-286492934  989799037  2002747554  707466539  1805634271  -1008216492  50332950  1970493949  -1765788659  -373335613]
968,10,[424401430  -181231263  -1121953314  -615929443  1388640533  1155785776  -209890743  759655568  -415682056  1755141399]
970,10,[-391515146  37638818  -406036284  1902113446  -1388992600  1495942784  -2139568456  -1772212109  2124059325  -408745356]
971,10,[258332594  1733163576  -1801085327  -1041534686  1023351982  -725655388  527719550  1060674848  -822526455  1719025741]
972,10,[532623330  -2074223335  -1480104256  186424722  1681675349  543171258  -1409318295  288541490  -1359808069  -703034794]
975,10,[903447056  2053828375  -1432505153  1115051496  1319921445  -2103405464  -557626822  -1236780071  1191991327  1222138865]
976,10,[797260818  1054435126  671140360  1286291718  -398091579  1973549463  -883166845  268216701  -1128145028  1203276497]
977,10,[1769437403  -1482007481  1765081240  -272170510  919372289  693239213  645807981  1367714350  2026179847  1694027822]
984,10,[-1696244593  -1346439350  -187003689  -321312351  -606048732  1090602540  -946149416  269300042  -1382719125  977875444]
986,10,[-1196608162  250573102  44944845  1434052971  826771110  541802089  71829781  1999417331  1301783237  -10108749]
987,10,[-992030014  -1086094574  697757544  696982612  -802345266  -433478565  -2088617326  40197336  1534210843  -1613902254]
989,10,[1917943970  1065826192  -1266965833  -1257167616  -1207932055  -247126336  981984897  -1014260003  -1644774815  -2122550665]
990,10,[-1294138202  450616585  1968838082  -1447015201  1456663410  -1225859484  415891669  -2122840143  -1261662774  -657598010]
991,10,[188065472  -683336140  482805201  1365690877  2078623910  -559644363  260839783  -1042856451  557078586  225968722]
992,10,[1951399331  -101215154  -951481276  -730649971  1287308280  66635247  -111180567  909646384  -9153180  -555980192]
994,10,[-902222086  -1547446812  -138694237  1361482442  647528529  -719517935  -330915583  90386457  1491819737  -1681198154]
995,10,[1040063211  433446948  364459803  806300617  -1988326877  -1480667874  54425680  -1340462194  -5206683  -2033353480]
996,10,[588383302  -437166421  -758416493  -1892898432  1471418296  -1659799624  -1091206699  2069320301  900694482  423158540]
999,10,[1242181441  -1943691364  854357300  799254987  1843432027  -816410704  -1305539029  87263789  2054467249  -450189404]
1000,10,[1201304444  -1844671299  -1950845189  -1804135570  2021232171  -455946197  1243587635  -13439186  -45901967  -341307619]